method_id,method_name,situation_id,situation_name,regime,quantity,prep_p50_ms,prep_p75_ms,prep_p99_ms,prep_reads_p50,prep_comps_p50,search_p50_ms,search_p75_ms,search_p99_ms,search_reads_p50,search_comps_p50,valid_runs,status
1,ISA,1,Ascendente,cold,20,0.3484,0.3673,0.4639,1,0,0.0390,0.0412,0.0905,2,10,100,OK
1,ISA,1,Ascendente,cold,2000,1.1844,1.2356,1.5000,20,0,0.0625,0.0654,0.0901,6,48,100,OK
1,ISA,1,Ascendente,cold,20000,8.6293,9.0188,10.5577,200,0,0.0718,0.0781,0.0966,9,58,100,OK
1,ISA,1,Ascendente,cold,200000,84.1899,87.0486,110.9523,2000,0,0.0835,0.0865,0.0966,12,57,100,OK
1,ISA,1,Ascendente,cold,2000000,17936.2000,17951.8000,18003.0080,20000,0,0.0948,0.3228,1.2999,15,72,100,OK
1,ISA,1,Ascendente,warm,20,0.0213,0.0216,0.0378,1,0,0.2831,0.2990,0.4230,2,12,100,OK
1,ISA,1,Ascendente,warm,2000,0.0214,0.0217,0.0529,1,0,0.3189,0.3367,0.3788,5,54,100,OK
1,ISA,1,Ascendente,warm,20000,0.0233,0.0236,0.0542,1,0,0.3206,0.3404,0.4371,9,56,100,OK
1,ISA,1,Ascendente,warm,200000,0.0235,0.0240,0.0466,1,0,0.3313,0.3467,0.3886,12,57,100,OK
1,ISA,1,Ascendente,warm,2000000,0.0234,0.0238,0.0309,1,0,0.3370,0.3633,1.1525,15,68,100,OK
1,ISA,2,Descendente,cold,20,,,,,,,,,,,0,UNSUPPORTED
1,ISA,2,Descendente,cold,2000,,,,,,,,,,,0,UNSUPPORTED
1,ISA,2,Descendente,cold,20000,,,,,,,,,,,0,UNSUPPORTED
1,ISA,2,Descendente,cold,200000,,,,,,,,,,,0,UNSUPPORTED
1,ISA,2,Descendente,cold,2000000,,,,,,,,,,,0,UNSUPPORTED
1,ISA,2,Descendente,warm,20,,,,,,,,,,,0,UNSUPPORTED
1,ISA,2,Descendente,warm,2000,,,,,,,,,,,0,UNSUPPORTED
1,ISA,2,Descendente,warm,20000,,,,,,,,,,,0,UNSUPPORTED
1,ISA,2,Descendente,warm,200000,,,,,,,,,,,0,UNSUPPORTED
1,ISA,2,Descendente,warm,2000000,,,,,,,,,,,0,UNSUPPORTED
1,ISA,3,Desordenado,cold,20,,,,,,,,,,,0,UNSUPPORTED
1,ISA,3,Desordenado,cold,2000,,,,,,,,,,,0,UNSUPPORTED
1,ISA,3,Desordenado,cold,20000,,,,,,,,,,,0,UNSUPPORTED
1,ISA,3,Desordenado,cold,200000,,,,,,,,,,,0,UNSUPPORTED
1,ISA,3,Desordenado,cold,2000000,,,,,,,,,,,0,UNSUPPORTED
1,ISA,3,Desordenado,warm,20,,,,,,,,,,,0,UNSUPPORTED
1,ISA,3,Desordenado,warm,2000,,,,,,,,,,,0,UNSUPPORTED
1,ISA,3,Desordenado,warm,20000,,,,,,,,,,,0,UNSUPPORTED
1,ISA,3,Desordenado,warm,200000,,,,,,,,,,,0,UNSUPPORTED
1,ISA,3,Desordenado,warm,2000000,,,,,,,,,,,0,UNSUPPORTED
2,Arvore_Binaria,1,Ascendente,cold,20,0.5618,0.5758,0.7351,103,201,0.0425,0.0450,0.1176,8,25,100,OK
2,Arvore_Binaria,1,Ascendente,cold,2000,1219.1300,1222.1300,1241.2531,1000022,2000001,0.8983,1.2240,1.5145,550,1146,100,OK
2,Arvore_Binaria,1,Ascendente,cold,20000,,,,,,,,,,,0,TIMEOUT
2,Arvore_Binaria,1,Ascendente,cold,200000,,,,,,,,,,,0,TIMEOUT
2,Arvore_Binaria,1,Ascendente,cold,2000000,,,,,,,,,,,0,TIMEOUT
2,Arvore_Binaria,1,Ascendente,warm,20,0.0234,0.0237,0.0310,1,0,0.2847,0.3056,0.3479,7,21,100,OK
2,Arvore_Binaria,1,Ascendente,warm,2000,0.0257,0.0264,0.0493,1,0,1.1161,1.3848,1.7255,528,1090,100,OK
2,Arvore_Binaria,1,Ascendente,warm,20000,,,,,,,,,,,0,TIMEOUT
2,Arvore_Binaria,1,Ascendente,warm,200000,,,,,,,,,,,0,TIMEOUT
2,Arvore_Binaria,1,Ascendente,warm,2000000,,,,,,,,,,,0,TIMEOUT
2,Arvore_Binaria,2,Descendente,cold,20,0.5533,0.5686,0.6412,103,201,0.0399,0.0437,0.0747,6,22,100,OK
2,Arvore_Binaria,2,Descendente,cold,2000,1262.8750,1267.5975,1287.2795,1000022,2000001,0.7712,1.1158,1.5569,458,970,100,OK
2,Arvore_Binaria,2,Descendente,cold,20000,,,,,,,,,,,0,TIMEOUT
2,Arvore_Binaria,2,Descendente,cold,200000,,,,,,,,,,,0,TIMEOUT
2,Arvore_Binaria,2,Descendente,cold,2000000,,,,,,,,,,,0,TIMEOUT
2,Arvore_Binaria,2,Descendente,warm,20,0.0234,0.0236,0.0358,1,0,0.2933,0.3144,0.3633,6,20,100,OK
2,Arvore_Binaria,2,Descendente,warm,2000,0.0258,0.0263,0.0614,1,0,1.1574,1.4978,1.8001,528,1086,100,OK
2,Arvore_Binaria,2,Descendente,warm,20000,,,,,,,,,,,0,TIMEOUT
2,Arvore_Binaria,2,Descendente,warm,200000,,,,,,,,,,,0,TIMEOUT
2,Arvore_Binaria,2,Descendente,warm,2000000,,,,,,,,,,,0,TIMEOUT
2,Arvore_Binaria,3,Desordenado,cold,20,0.5209,0.5363,0.6440,75,145,0.0384,0.0413,0.0606,6,17,100,OK
2,Arvore_Binaria,3,Desordenado,cold,2000,199.5190,200.2410,203.5836,157070,314097,0.1266,0.3323,0.6168,19,116,100,OK
2,Arvore_Binaria,3,Desordenado,cold,20000,4025.6750,4038.2375,4066.7537,3152157,6303911,0.1329,0.3954,1.5718,24,122,100,OK
2,Arvore_Binaria,3,Desordenado,cold,200000,11770.3000,11821.5250,12120.3200,8651759,17299515,0.1222,0.1383,0.7570,27,110,100,OK
2,Arvore_Binaria,3,Desordenado,cold,2000000,,,,,,,,,,,0,TIMEOUT
2,Arvore_Binaria,3,Desordenado,warm,20,0.0238,0.0241,0.0549,1,0,0.2945,0.3161,0.3901,6,21,100,OK
2,Arvore_Binaria,3,Desordenado,warm,2000,0.0259,0.0263,0.0460,1,0,0.3610,0.4234,0.8531,17,98,100,OK
2,Arvore_Binaria,3,Desordenado,warm,20000,0.0258,0.0261,0.0348,1,0,0.3979,0.5681,1.6838,24,121,100,OK
2,Arvore_Binaria,3,Desordenado,warm,200000,0.0257,0.0259,0.0585,1,0,0.3751,0.4016,0.9001,26,102,100,OK
2,Arvore_Binaria,3,Desordenado,warm,2000000,,,,,,,,,,,0,TIMEOUT
